﻿IF OBJECT_ID('PRESS_DATA', 'U') IS NOT NULL DROP TABLE PRESS_DATA;
IF OBJECT_ID('PRESS', 'U') IS NOT NULL DROP TABLE PRESS;
IF OBJECT_ID('BOOK', 'U') IS NOT NULL DROP TABLE BOOK;
IF OBJECT_ID('AUTHOR', 'U') IS NOT NULL DROP TABLE AUTHOR;


CREATE TABLE AUTHOR
(AUTHOR_ID NUMERIC(5), 
NAME VARCHAR(30),
BIRTHDATE DATETIME,
ADDRESS VARCHAR(100),
EMAIL VARCHAR(70),
ACCOUNTNO NUMERIC(20),
CONSTRAINT AUTHOR_PK PRIMARY KEY (AUTHOR_ID));

INSERT INTO AUTHOR VALUES(11,'Alice Sebold',CONVERT(DATETIME, '1963-09-06'),'123 6th St. Melbourne, FL 32904','alice.sebold@gmail.com', 119310612712845);
INSERT INTO AUTHOR VALUES(12,'Andy Weir',CONVERT(DATETIME, '1972-06-16'),'71 Pilgrim Avenue Chevy Chase, MD 20815','andy-weir@gmail.com', 869751021211143);
INSERT INTO AUTHOR VALUES(13,'Arthur Golden',CONVERT(DATETIME, '1956-12-06'),'70 Bowman St. South Windsor, CT 06074','arthur.goldend@gmail.com', 128731011964251);
INSERT INTO AUTHOR VALUES(14,'David Mitchell',CONVERT(DATETIME, '1969-01-12'),'4 Goldfield Rd. Honolulu, HI 96815','david.mitchell@gmail.com', 41117121356289);
INSERT INTO AUTHOR VALUES(15,'Dennis Lehane',CONVERT(DATETIME, '1965-08-04'),'44 Shirley Ave. West Chicago, IL 60185','dennis.lehane@gmail.com', 635829117101214);
INSERT INTO AUTHOR VALUES(16,'Douglas Adams',CONVERT(DATETIME, '1952-03-11'),'514 S. Magnolia St. Orlando, FL 32806','dougles.adams@gmail.com', 734115108912126);
INSERT INTO AUTHOR VALUES(17,'George Orwell',CONVERT(DATETIME, '1903-06-25'),'321 Franklin St. Oviedo, FL 32765','george.orwell@gmail.com', 671011121248539);
INSERT INTO AUTHOR VALUES(18,'Hegedüs Géza',CONVERT(DATETIME, '1912-05-14'),'321 Franklin St. Oviedo, FL 32765, OH 44004','hegedus.geza@gmail.com', 121161054178329);
INSERT INTO AUTHOR VALUES(19,'Kate Morton',CONVERT(DATETIME, '1976-01-01'),'352 S. Young Street Ashtabula, OH 44004','kate.morton@gmail.com', 103119681215742);
INSERT INTO AUTHOR VALUES(110,'Oscar Wilde',CONVERT(DATETIME, '1854-10-16'),'8449 SE. Rock Maple Court Medina, OH 44256','oscar.wilde@gmail.com', 212135107411986);
INSERT INTO AUTHOR VALUES(111,'Patrick Ness',CONVERT(DATETIME, '1971-10-17'),'104 Dunbar Ave. Beaver Falls, PA 15010','patrick.ness@gmail.com', 106312871294511);
INSERT INTO AUTHOR VALUES(112,'Ray Bradbury',CONVERT(DATETIME, '1920-08-12'),'60 Marsh Ave. Carpentersville, IL 60110','ray.bradbury@gmail.com', 191242116510378);

CREATE TABLE PRESS
(PRESS_ID NUMERIC(5),
PRESSNAME VARCHAR (50),
EMAIL VARCHAR(70),
CONSTRAINT PRESS_PK PRIMARY KEY (PRESS_ID));

INSERT INTO PRESS VALUES(21,'Dabas Nyomda Zrt','dabas.nyomda@gmail.com');
INSERT INTO PRESS VALUES(22,'Ritter Nyomda','ritter.nyomda@gmail.com');
INSERT INTO PRESS VALUES(23,'Adu Print Kiadó és Nyomda Zrt.','adu.print@gmail.com'); 
INSERT INTO PRESS VALUES(24,'Béta Print Nyomda','béta.print@gmail.com');
INSERT INTO PRESS VALUES(25,'Haász Nyomda Kft.','haasz.nyomda@gmail.com');

CREATE TABLE BOOK
(AUTHOR_ID NUMERIC(5),
ISBN NUMERIC(13),
WORDCOUNT NUMERIC(10),
ADDRESS VARCHAR(50),
CONSTRAINT BOOK_FK FOREIGN KEY (AUTHOR_ID) REFERENCES AUTHOR (AUTHOR_ID), CONSTRAINT BOOK_PK PRIMARY KEY (ISBN));

INSERT INTO BOOK VALUES(11,9789632661261,16235,'Komfortos Mennyország');
INSERT INTO BOOK VALUES(12,9786155514333,15687,'The Martian');
INSERT INTO BOOK VALUES(13,9786155732133,87246,'Egy gésa emlékiratai'); 
INSERT INTO BOOK VALUES(14,9789632662206,89423,'Felhőatlasz');
INSERT INTO BOOK VALUES(15,9789634190769,8247,'Viharsziget');
INSERT INTO BOOK VALUES(16,9669001357249,54163,'Az élet, a világmindenség, meg minden');
INSERT INTO BOOK VALUES(16,9789639237537,7148,'Vendéglő a világ végén'); 
INSERT INTO BOOK VALUES(16,9789639421875,7273,'Viszlát és kösz a halakat');
INSERT INTO BOOK VALUES(16,9780330508117,78213,'Galaxis Útikalauz Stopposoknak');
INSERT INTO BOOK VALUES(17,9789634058335,6521,'Állatfarm');
INSERT INTO BOOK VALUES(17,9783453164215,72423,'1984');
INSERT INTO BOOK VALUES(18,9789633467923,87487,'Az írnok és a fáraó'); 
INSERT INTO BOOK VALUES(19,9789632450926,88133,'Felszáll a köd');
INSERT INTO BOOK VALUES(110,9789639659636,75729,'Dorian Gray arcképe'); 
INSERT INTO BOOK VALUES(111,9789638883995,19324,'Szólít a szörny'); 
INSERT INTO BOOK VALUES(111,9789638767134,91387,'More Than This'); 
INSERT INTO BOOK VALUES(112,9639183458,69133,'451 Fahrenheit');

CREATE TABLE PRESS_DATA
(DATAID NUMERIC(5),
PRESS_ID NUMERIC(5),
ISBN NUMERIC(13),
COPYNO NUMERIC(10),
PAGENO NUMERIC(5),
PAPERWEIGHT NUMERIC(5),
CONSTRAINT PRESS_FK1 FOREIGN KEY (PRESS_ID) REFERENCES PRESS (PRESS_ID), CONSTRAINT PRESS_FK2 FOREIGN KEY (ISBN) REFERENCES BOOK (ISBN), CONSTRAINT PRESSDATA_PK PRIMARY KEY(DATAID));

INSERT INTO PRESS_DATA VALUES(01,21,9789632661261,2400,321,150); 
INSERT INTO PRESS_DATA VALUES(02,22,9786155514333,3000,435,150); 
INSERT INTO PRESS_DATA VALUES(03,23,9786155732133,3500,534,150); 
INSERT INTO PRESS_DATA VALUES(04,24,9789632662206,2000,345,300); 
INSERT INTO PRESS_DATA VALUES(05,24,9789634190769,2800,523,300); 
INSERT INTO PRESS_DATA VALUES(06,25,9669001357249,2000,287,180); 
INSERT INTO PRESS_DATA VALUES(07,24,9789639237537,3800,354,150); 
INSERT INTO PRESS_DATA VALUES(08,23,9789639421875,2500,609,150); 
INSERT INTO PRESS_DATA VALUES(09,22,9780330508117,3000,587,300); 
INSERT INTO PRESS_DATA VALUES(010,21,9789634058335,3400,450,180); 
INSERT INTO PRESS_DATA VALUES(011,21,9783453164215,1600,320,180); 
INSERT INTO PRESS_DATA VALUES(012,21,9789633467923,1000,685,150); 
INSERT INTO PRESS_DATA VALUES(013,22,9789632450926,4000,365,150); 
INSERT INTO PRESS_DATA VALUES(014,23,9789639659636,3200,423,150); 
INSERT INTO PRESS_DATA VALUES(015,24,9789638883995,3000,550,150); 
INSERT INTO PRESS_DATA VALUES(016,25,9789638767134,2600,360,150); 
INSERT INTO PRESS_DATA VALUES(017,25,9639183458,1800,290,150);